<?xml version="1.0" encoding="UTF-8" standalone="yes"?>
<list  version="9.0.0" minorVersion="26" exportUser="ADMIN" exportDateTime="02/23/2023 07:50 AM" description="null"><script><name>CONV_ADM_APP_STATUS_GROUP</name><serviceProviderCode>PCR</serviceProviderCode><auditModel><auditDate>2023-02-17T13:12:41.867-06:00</auditDate><auditID>ADMIN</auditID><auditStatus>A</auditStatus></auditModel><content>/*------------------------------------------------------------------------------------------------------/&#xD;
| Program		: CONV_ADM_APP_STATUS_GROUP.js&#xD;
| Usage			: Accela Data Mapping Tool - Construct API - Get APP STATUS GROUPS&#xD;
| Notes			: &#xD;
| Created by	: OMATKARI&#xD;
| Created at	: 24/03/2019 09:19:05&#xD;
|&#xD;
/------------------------------------------------------------------------------------------------------*/&#xD;
var qry = "SELECT APP_STATUS_GROUP_CODE, \"STATUS\" FROM APP_STATUS_GROUP WHERE SERV_PROV_CODE=? AND REC_STATUS='A'";&#xD;
var qryParams = new Array();&#xD;
qryParams.push(aa.getServiceProviderCode());&#xD;
&#xD;
var results = execSQL(qry, qryParams);&#xD;
aa.env.setValue("data", results);&#xD;
&#xD;
// Execute sql query&#xD;
function execSQL(sqlCMD, parameters) {&#xD;
	var params = [];&#xD;
	if (arguments.length == 2)&#xD;
		params = parameters;&#xD;
&#xD;
	var dba = com.accela.aa.datautil.AADBAccessor.getInstance();&#xD;
	var utilProcessor = new JavaAdapter(com.accela.aa.datautil.DBResultSetProcessor, {&#xD;
		processResultSetRow : function(rs) {&#xD;
			var meta = rs.getMetaData();&#xD;
			var numcols = meta.getColumnCount();&#xD;
			var record = {}&#xD;
			var result = null;&#xD;
&#xD;
			for (var i = 0; i &lt; numcols; i++) {&#xD;
				var columnName = meta.getColumnName(i + 1);&#xD;
				columnName = columnName.toUpperCase()&#xD;
				result = rs.getObject(i + 1);&#xD;
				if (result == null) {&#xD;
					record[columnName] = String("");&#xD;
				} else {&#xD;
					if (result.getClass &amp;&amp; result.getClass().getName() == "java.sql.Timestamp") {&#xD;
						record[columnName] = String(new Date(rs.getTimestamp(i + 1).getTime()).toString("MM/dd/yyyy"));&#xD;
					} else {&#xD;
						record[columnName] = String(rs.getObject(i + 1));&#xD;
					}&#xD;
				}&#xD;
			}&#xD;
			return record;&#xD;
		}&#xD;
	});&#xD;
&#xD;
	var result = dba.select(sqlCMD, params, utilProcessor, null);&#xD;
&#xD;
	if (result.size() &gt; 0) {&#xD;
		return result.toArray();&#xD;
	}&#xD;
	return new Array();&#xD;
}</content><initializer></initializer><pageStatusModels><importSubItemDisableFlag>false</importSubItemDisableFlag><modelProperty>class</modelProperty><propertyName>name</propertyName><selectFlag>true</selectFlag><skipFlag>false</skipFlag></pageStatusModels><title>CONV_ADM_APP_STATUS_GROUP</title></script>
<script><name>CONV_ADM_FEES_ITEMS</name><serviceProviderCode>PCR</serviceProviderCode><auditModel><auditDate>2023-02-17T13:12:57.720-06:00</auditDate><auditID>ADMIN</auditID><auditStatus>A</auditStatus></auditModel><content>/*------------------------------------------------------------------------------------------------------/&#xD;
| Program		: CONV_ADM_FEES_ITEMS.js&#xD;
| Usage			: Accela Data Mapping Tool - Construct API - Get all ref fee items&#xD;
| Notes			: &#xD;
| Created by	: Osama Matkari&#xD;
| Created at	: 17/03/2019 16:36:11&#xD;
|&#xD;
/------------------------------------------------------------------------------------------------------*/&#xD;
// Get Cached Service&#xD;
var cacheService = com.accela.aa.emse.dom.service.CachedService.getInstance();&#xD;
&#xD;
// Get ref fee item service&#xD;
var rFeeItemService = cacheService.getRefFeeService();&#xD;
&#xD;
// Get instance of rFeeItemModel&#xD;
var rFeeItemModel = aa.proxyInvoker.newInstance("com.accela.aa.finance.fee.RFeeItemModel").getOutput();&#xD;
&#xD;
// Prepare model for search&#xD;
rFeeItemModel.setServiceProviderCode(aa.getServiceProviderCode());&#xD;
rFeeItemModel.setAuditStatus("A");&#xD;
&#xD;
// get Data&#xD;
var rFeeItemsList = rFeeItemService.getFeeItemListByModel(rFeeItemModel);&#xD;
if(rFeeItemsList &amp;&amp; rFeeItemsList.size() &gt; 0) {&#xD;
	aa.env.setValue("data", rFeeItemsList);&#xD;
} else {&#xD;
	aa.env.setValue("data", new Array());&#xD;
}</content><initializer></initializer><pageStatusModels><importSubItemDisableFlag>false</importSubItemDisableFlag><modelProperty>class</modelProperty><propertyName>name</propertyName><selectFlag>true</selectFlag><skipFlag>false</skipFlag></pageStatusModels><title>CONV_ADM_FEES_ITEMS</title></script>
<script><name>CONV_ADM_GUIDESHEET_ASI_ASIT</name><serviceProviderCode>PCR</serviceProviderCode><auditModel><auditDate>2023-02-17T13:13:10.990-06:00</auditDate><auditID>ADMIN</auditID><auditStatus>A</auditStatus></auditModel><content>/*------------------------------------------------------------------------------------------------------/&#xD;
| Program		: CONV_ADM_GUIDESHEET_ASI_ASIT.js&#xD;
| Usage			: Accela Data Mapping Tool - Construct API - Get Guidesheet ASI and ASIT&#xD;
| Notes			: &#xD;
| Created by	: YBARGHOUTH&#xD;
| Created at	: 10/06/2021&#xD;
|&#xD;
/------------------------------------------------------------------------------------------------------*/&#xD;
var sqlParams = [ aa.getServiceProviderCode(), aa.getServiceProviderCode() ];&#xD;
var output = {};&#xD;
var SQL = "";&#xD;
var result = [];&#xD;
var reqTypeParam = aa.env.getValue("type");&#xD;
&#xD;
if (!reqTypeParam)&#xD;
	reqTypeParam = "";&#xD;
else&#xD;
	reqTypeParam = reqTypeParam.toUpperCase();&#xD;
&#xD;
if (reqTypeParam == "ASI") {&#xD;
	SQL = "SELECT a.R1_CHECKBOX_CODE, a.R1_CHECKBOX_TYPE, a.R1_CHECKBOX_DESC, a.R1_CHECKBOX_GROUP, a.R1_CHECKBOX_IND FROM R2CHCKBOX a WHERE a.SERV_PROV_CODE=? AND a.R1_CHECKBOX_GROUP='APPLICATION' AND a.R1_CHECKBOX_CODE IN (select b.ASI_GRP_NAM from rguidesheet_item b where b.SERV_PROV_CODE=?)";&#xD;
	result = aa.db.select(SQL, sqlParams);&#xD;
	if (result.success) {&#xD;
		result = result.output.toArray();&#xD;
		aa.env.setValue("data", result);&#xD;
	}//success&#xD;
} else if (reqTypeParam == "ASIT") {&#xD;
	SQL = "SELECT B.R1_CHECKBOX_CODE,A.R1_CHECKBOX_CODE R1_TABLE_GROUP_NAME, A.R1_CHECKBOX_TYPE, A.R1_CHECKBOX_DESC, A.R1_CHECKBOX_GROUP, A.R1_CHECKBOX_IND FROM R2CHCKBOX A INNER JOIN (SELECT DISTINCT SERV_PROV_CODE, R1_CHECKBOX_CODE,R1_TABLE_GROUP_NAME FROM R2CHCKBOX WHERE R1_TABLE_GROUP_NAME IS NOT NULL AND R1_CHECKBOX_GROUP='APPLICATION' AND REC_STATUS='A') B ON A.SERV_PROV_CODE=B.SERV_PROV_CODE AND A.R1_CHECKBOX_CODE=B.R1_TABLE_GROUP_NAME WHERE A.SERV_PROV_CODE=? AND A.REC_STATUS='A' AND A.R1_CHECKBOX_GROUP='FEEATTACHEDTABLE' AND a.R1_CHECKBOX_CODE IN (select b.ASI_GRP_NAM from rguidesheet_item b where b.SERV_PROV_CODE=?)";&#xD;
	result = aa.db.select(SQL, sqlParams);&#xD;
	if (result.success) {&#xD;
		result = result.output.toArray();&#xD;
		aa.env.setValue("data", result);&#xD;
	}//success&#xD;
} else {&#xD;
	aa.env.setValue("data", "invalid request parameter [type]: " + reqTypeParam);&#xD;
}</content><initializer></initializer><pageStatusModels><importSubItemDisableFlag>false</importSubItemDisableFlag><modelProperty>class</modelProperty><propertyName>name</propertyName><selectFlag>true</selectFlag><skipFlag>false</skipFlag></pageStatusModels><title>CONV_ADM_GUIDESHEET_ASI_ASIT</title></script>
<script><name>CONV_ADM_GUIDESHEET_ITEMS</name><serviceProviderCode>PCR</serviceProviderCode><auditModel><auditDate>2023-02-17T13:13:29.883-06:00</auditDate><auditID>ADMIN</auditID><auditStatus>A</auditStatus></auditModel><content>/*------------------------------------------------------------------------------------------------------/&#xD;
| Program		: CONV_ADM_GUIDESHEET_ITEMS.js&#xD;
| Usage			: Accela Data Mapping Tool - Construct API - Get Guidesheets,Guidesheet items and Guidesheet status&#xD;
| Notes			: &#xD;
| Created by	: YBARGHOUTH&#xD;
| Created at	: 8/26/2021&#xD;
|&#xD;
/------------------------------------------------------------------------------------------------------*/&#xD;
var sqlParams = [ aa.getServiceProviderCode() ];&#xD;
var output = {};&#xD;
var SQL = "";&#xD;
var result = [];&#xD;
&#xD;
//--------------- GUIDESHEET ITEMS:&#xD;
SQL = "select b.guide_group, a.guide_type, a.guide_item_text, a.GUIDE_ITEM_DISPLAY_ORDER, a.guide_item_status_group_name, a.ASI_GRP_NAM from rguidesheet_item a left join  RGUIDESHEET_GROUP b on a.serv_prov_code = ? and a.serv_prov_code = b.serv_prov_code and  a.guide_type = b.guide_type";&#xD;
result = aa.db.select(SQL, sqlParams);&#xD;
var guidesheetItems = [];&#xD;
if (result.success) {&#xD;
	result = result.output.toArray();&#xD;
	for ( var line in result) {&#xD;
		var item = {};&#xD;
		var row = result[line];&#xD;
		var guideGroup = String(row.get("guide_group"));&#xD;
		item["guide_group"] = guideGroup == "null" ? "NONE" : guideGroup;&#xD;
		item["guide_type"] = String(row.get("guide_type"));&#xD;
		item["guide_item_text"] = String(row.get("guide_item_text"));&#xD;
		item["guide_item_display_order"] = String(row.get("GUIDE_ITEM_DISPLAY_ORDER"));&#xD;
		item["guide_item_status_group_name"] = String(row.get("guide_item_status_group_name"));&#xD;
		item["asi_grp_nam"] = String(row.get("ASI_GRP_NAM"));&#xD;
		guidesheetItems.push(item);&#xD;
	}&#xD;
	output["guidesheet_items"] = guidesheetItems;&#xD;
}&#xD;
//--------------- GUIDESHEET ITEM STATUS:&#xD;
SQL = "SELECT GUIDE_ITEM_STATUS_GROUP, GUIDE_ITEM_STATUS, GUIDE_ITEM_STATUS_RESULT_TYPE,GUIDE_ITEM_STATUS_DISP_ORDER FROM RGUIDE_ITEM_STATUS_GROUP WHERE SERV_PROV_CODE=?";&#xD;
result = aa.db.select(SQL, sqlParams);&#xD;
var guidesheetItemsStatus = [];&#xD;
if (result.success) {&#xD;
	result = result.output.toArray();&#xD;
	for ( var line in result) {&#xD;
		var item = {};&#xD;
		var row = result[line];&#xD;
		item["guide_item_status_group"] = String(row.get("GUIDE_ITEM_STATUS_GROUP"));&#xD;
		item["guide_item_status"] = String(row.get("GUIDE_ITEM_STATUS"));&#xD;
		item["guide_item_status_result_type"] = String(row.get("GUIDE_ITEM_STATUS_RESULT_TYPE"));&#xD;
		item["guide_item_status_disp_order"] = String(row.get("GUIDE_ITEM_STATUS_DISP_ORDER"));&#xD;
		guidesheetItemsStatus.push(item);&#xD;
	}&#xD;
	output["guidesheet_items_status"] = guidesheetItemsStatus;&#xD;
}&#xD;
//--------------- GUIDE_GROUP:&#xD;
SQL = "SELECT GUIDE_GROUP, GUIDE_TYPE FROM RGUIDESHEET_GROUP WHERE SERV_PROV_CODE=?";&#xD;
result = aa.db.select(SQL, sqlParams);&#xD;
var guideGroups = [];&#xD;
if (result.success) {&#xD;
	result = result.output.toArray();&#xD;
	for ( var line in result) {&#xD;
		var item = {};&#xD;
		var row = result[line];&#xD;
		item["guide_group"] = String(row.get("GUIDE_GROUP"));&#xD;
		item["guide_type"] = String(row.get("GUIDE_TYPE"));&#xD;
		guideGroups.push(item);&#xD;
	}&#xD;
	output["guide_groups"] = guideGroups;&#xD;
}&#xD;
//--------------- AAX_GUIDESHEET:&#xD;
SQL = "SELECT distinct r3.R1_PER_GROUP, r3.R1_PER_TYPE, r3.R1_PER_SUB_TYPE, r3.R1_PER_CATEGORY, r3.R1_UDCODE1 FROM R3APPTYP r3 WHERE r3.SERV_PROV_CODE=?";&#xD;
result = aa.db.select(SQL, sqlParams);&#xD;
var aaxGuidesheet = [];&#xD;
&#xD;
if (result.success) {&#xD;
	result = result.output.toArray();&#xD;
	for ( var line in result) {&#xD;
		var item = {};&#xD;
		var row = result[line];&#xD;
		//var guideGroup = String(row.get("GUIDE_GROUP"));&#xD;
		//item["guide_group"] = guideGroup == "null" ? "NONE" : guideGroup;&#xD;
&#xD;
		var udcode1 = String(row.get("R1_UDCODE1"));&#xD;
		item["udcode1"] = udcode1 == "null" ? "NONE" : udcode1;&#xD;
		item["per_group"] = String(row.get("R1_PER_GROUP"));&#xD;
		item["per_type"] = String(row.get("R1_PER_TYPE"));&#xD;
		item["per_sub_type"] = String(row.get("R1_PER_SUB_TYPE"));&#xD;
		item["per_category"] = String(row.get("R1_PER_CATEGORY"));&#xD;
		aaxGuidesheet.push(item);&#xD;
	}&#xD;
	output["aax_guidesheet"] = aaxGuidesheet;&#xD;
}&#xD;
&#xD;
//--------------- AAX_GUIDESHEET_TT is obtained from Access DB&#xD;
&#xD;
////Send Response&#xD;
var outputAry = [];//ADM TOOL .NET code expects result as an array, we will give it an array :)&#xD;
outputAry.push(output);&#xD;
aa.env.setValue("data", outputAry);&#xD;
&#xD;
///////////HELPER METHOD&#xD;
function exists(item, ary) {&#xD;
	for ( var x in ary) {&#xD;
		if (ary[x] == item)&#xD;
			return true;&#xD;
	}&#xD;
	return false;&#xD;
}</content><initializer></initializer><pageStatusModels><importSubItemDisableFlag>false</importSubItemDisableFlag><modelProperty>class</modelProperty><propertyName>name</propertyName><selectFlag>true</selectFlag><skipFlag>false</skipFlag></pageStatusModels><title>CONV_ADM_GUIDESHEET_ITEMS</title></script>
<script><name>CONV_ADM_R3APPTYP</name><serviceProviderCode>PCR</serviceProviderCode><auditModel><auditDate>2023-02-17T13:13:44.240-06:00</auditDate><auditID>ADMIN</auditID><auditStatus>A</auditStatus></auditModel><content>/*------------------------------------------------------------------------------------------------------/&#xD;
| Program		: CONV_ADM_R3APPTYP.js&#xD;
| Usage			: Accela Data Mapping Tool - Construct API - Get R3APPTYP RECORDS&#xD;
| Notes			: &#xD;
| Created by	: OMATKARI&#xD;
| Created at	: 24/03/2019 09:19:05&#xD;
|&#xD;
/------------------------------------------------------------------------------------------------------*/&#xD;
var qry = "SELECT r1_per_group, r1_per_type, r1_per_sub_type, r1_per_category, r1_fee_code, r1_process_code, r1_chckbox_code, r1_udcode1, r1_udcode2, r1_udcode3, r1_smartchoice_code, app_status_group_code, app_default_status_code, r1_app_type_alias, (SELECT MAX(R1_TABLE_GROUP_NAME) FROM R2CHCKBOX B WHERE A.SERV_PROV_CODE=B.SERV_PROV_CODE AND A.R1_CHCKBOX_CODE=B.R1_CHECKBOX_CODE AND A.REC_STATUS=B.REC_STATUS AND B.R1_CHECKBOX_GROUP='APPLICATION') R1_TABLE_GROUP_NAME FROM R3APPTYP A WHERE SERV_PROV_CODE=? AND REC_STATUS='A'";&#xD;
var qryParams = new Array();&#xD;
qryParams.push(aa.getServiceProviderCode());&#xD;
&#xD;
var results = execSQL(qry, qryParams);&#xD;
aa.env.setValue("data", results);&#xD;
&#xD;
// Execute sql query&#xD;
function execSQL(sqlCMD, parameters) {&#xD;
	var params = [];&#xD;
	if (arguments.length == 2)&#xD;
		params = parameters;&#xD;
&#xD;
	var dba = com.accela.aa.datautil.AADBAccessor.getInstance();&#xD;
	var utilProcessor = new JavaAdapter(com.accela.aa.datautil.DBResultSetProcessor, {&#xD;
			processResultSetRow: function (rs) {&#xD;
				var meta = rs.getMetaData();&#xD;
				var numcols = meta.getColumnCount();&#xD;
				var record = {}&#xD;
				var result = null;&#xD;
&#xD;
				for (var i = 0; i &lt; numcols; i++) {&#xD;
					var columnName = meta.getColumnName(i + 1);&#xD;
					columnName = columnName.toUpperCase()&#xD;
						result = rs.getObject(i + 1);&#xD;
					if (result == null) {&#xD;
						record[columnName] = String("");&#xD;
					} else {&#xD;
						if (result.getClass &amp;&amp; result.getClass().getName() == "java.sql.Timestamp") {&#xD;
							record[columnName] = String(new Date(rs.getTimestamp(i + 1).getTime()).toString("MM/dd/yyyy"));&#xD;
						} else {&#xD;
							record[columnName] = String(rs.getObject(i + 1));&#xD;
						}&#xD;
					}&#xD;
				}&#xD;
				return record;&#xD;
			}&#xD;
		});&#xD;
&#xD;
	var result = dba.select(sqlCMD, params, utilProcessor, null);&#xD;
&#xD;
	if(result.size() &gt; 0) {&#xD;
		return result.toArray();&#xD;
	}&#xD;
	return new Array();&#xD;
}</content><initializer></initializer><pageStatusModels><importSubItemDisableFlag>false</importSubItemDisableFlag><modelProperty>class</modelProperty><propertyName>name</propertyName><selectFlag>true</selectFlag><skipFlag>false</skipFlag></pageStatusModels><title>CONV_ADM_R3APPTYP</title></script>
<script><name>CONV_ADM_TASKSPECINFO</name><serviceProviderCode>PCR</serviceProviderCode><auditModel><auditDate>2023-02-17T13:13:59.837-06:00</auditDate><auditID>ADMIN</auditID><auditStatus>A</auditStatus></auditModel><content>/*------------------------------------------------------------------------------------------------------/&#xD;
| Program		: CONV_ADM_TASKSPECINFO.js&#xD;
| Usage			: Accela Data Mapping Tool - Construct API - Get all ref workflow TSIs&#xD;
| Notes			: auto generated Record Script by Accela Eclipse Plugin &#xD;
| Created by	: OMATKARI&#xD;
| Created at	: 19/03/2019 14:34:20&#xD;
|&#xD;
/------------------------------------------------------------------------------------------------------*/&#xD;
var qry = "SELECT A.SPROCESS_GROUP_CODE WORKFLOW,B.R1_PROCESS_CODE,B.SD_PRO_DES,C.R1_CHECKBOX_CODE,C.R1_CHECKBOX_TYPE,C.R1_CHECKBOX_DESC,C.R1_CHECKBOX_GROUP, C.R1_CHECKBOX_IND"&#xD;
        + " FROM SPROCESS_GROUP A INNER JOIN SPROCESS B ON A.SERV_PROV_CODE=B.SERV_PROV_CODE AND a.r1_process_code = b.r1_process_code INNER JOIN R2CHCKBOX C ON A.SERV_PROV_CODE=C.SERV_PROV_CODE AND B.R1_CHECKBOX_GROUP=C.R1_CHECKBOX_GROUP AND B.R1_CHECKBOX_CODE=C.R1_CHECKBOX_CODE"&#xD;
        + " WHERE b.SERV_PROV_CODE= ? AND b.REC_STATUS='A' AND a.REC_STATUS='A' AND c.REC_STATUS='A'";&#xD;
&#xD;
var qryParams = new Array();&#xD;
qryParams.push(aa.getServiceProviderCode());&#xD;
&#xD;
var results = execSQL(qry, qryParams);&#xD;
aa.env.setValue("data", results);&#xD;
&#xD;
// Execute sql query&#xD;
function execSQL(sqlCMD, parameters) {&#xD;
	var params = [];&#xD;
	if (arguments.length == 2)&#xD;
		params = parameters;&#xD;
&#xD;
	var dba = com.accela.aa.datautil.AADBAccessor.getInstance();&#xD;
	var utilProcessor = new JavaAdapter(com.accela.aa.datautil.DBResultSetProcessor, {&#xD;
			processResultSetRow: function (rs) {&#xD;
				var meta = rs.getMetaData();&#xD;
				var numcols = meta.getColumnCount();&#xD;
				var record = {}&#xD;
				var result = null;&#xD;
&#xD;
				for (var i = 0; i &lt; numcols; i++) {&#xD;
					var columnName = meta.getColumnName(i + 1);&#xD;
					columnName = columnName.toUpperCase()&#xD;
						result = rs.getObject(i + 1);&#xD;
					if (result == null) {&#xD;
						record[columnName] = String("");&#xD;
					} else {&#xD;
						if (result.getClass &amp;&amp; result.getClass().getName() == "java.sql.Timestamp") {&#xD;
							record[columnName] = String(new Date(rs.getTimestamp(i + 1).getTime()).toString("MM/dd/yyyy"));&#xD;
						} else {&#xD;
							record[columnName] = String(rs.getObject(i + 1));&#xD;
						}&#xD;
					}&#xD;
				}&#xD;
				return record;&#xD;
			}&#xD;
		});&#xD;
&#xD;
	var result = dba.select(sqlCMD, params, utilProcessor, null);&#xD;
&#xD;
	if(result.size() &gt; 0) {&#xD;
		return result.toArray();&#xD;
	}&#xD;
	return new Array();&#xD;
}</content><initializer></initializer><pageStatusModels><importSubItemDisableFlag>false</importSubItemDisableFlag><modelProperty>class</modelProperty><propertyName>name</propertyName><selectFlag>true</selectFlag><skipFlag>false</skipFlag></pageStatusModels><title>CONV_ADM_TASKSPECINFO</title></script>
<script><name>CONV_ADM_TIME_ACCOUNTING_GROUPS</name><serviceProviderCode>PCR</serviceProviderCode><auditModel><auditDate>2023-02-17T13:15:40.833-06:00</auditDate><auditID>ADMIN</auditID><auditStatus>A</auditStatus></auditModel><content>/*------------------------------------------------------------------------------------------------------/&#xD;
| Program		: CONV_TIME_ACCOUNTING_GROUPS.js&#xD;
| Usage			: Accela Data Mapping Tool - Construct API - Get all Time Accounting Groups&#xD;
| Notes			: &#xD;
| Created by	: YBARGHOUTH&#xD;
| Created at	: 7/27/2021&#xD;
|&#xD;
/------------------------------------------------------------------------------------------------------*/&#xD;
var timeAccountService = com.accela.aa.emse.dom.service.CachedService.getInstance().getTimeAccountService();&#xD;
var timeGroupModel = new com.accela.aa.finance.timeAccount.TimeGroupModel();&#xD;
timeGroupModel.setServProvCode(aa.getServiceProviderCode());&#xD;
var timeGroups = timeAccountService.getTimeGroupList(timeGroupModel);&#xD;
&#xD;
if (timeGroups &amp;&amp; timeGroups.size() &gt; 0) {&#xD;
	timeGroups = timeGroups.toArray()&#xD;
} else {&#xD;
	timeGroups = [];&#xD;
}&#xD;
var timeGroupsList = [];&#xD;
for ( var t in timeGroups) {&#xD;
	var tGroup = timeGroups[t];&#xD;
	//if (tGroup.getRecStatus() != "A")&#xD;
		//continue;&#xD;
	var timeGroup = {};&#xD;
	timeGroup.timeGroupName = String(tGroup.getTimeGroupName());&#xD;
	timeGroupsList.push(timeGroup);&#xD;
}&#xD;
aa.env.setValue("data", timeGroupsList);</content><initializer></initializer><pageStatusModels><importSubItemDisableFlag>false</importSubItemDisableFlag><modelProperty>class</modelProperty><propertyName>name</propertyName><selectFlag>true</selectFlag><skipFlag>false</skipFlag></pageStatusModels><title>CONV_ADM_TIME_ACCOUNTING_GROUPS</title></script>
<script><name>CONV_ADM_TIME_ACCOUNTING_TYPES</name><serviceProviderCode>PCR</serviceProviderCode><auditModel><auditDate>2023-02-17T13:14:26.620-06:00</auditDate><auditID>ADMIN</auditID><auditStatus>A</auditStatus></auditModel><content>/*------------------------------------------------------------------------------------------------------/&#xD;
| Program		: CONV_ADM_TIME_ACCOUNTING_TYPES.js&#xD;
| Usage			: Accela Data Mapping Tool - Construct API - Get all Time Accounting Types&#xD;
| Notes			: &#xD;
| Created by	: YBARGHOUTH&#xD;
| Created at	: 7/27/2021&#xD;
|&#xD;
/------------------------------------------------------------------------------------------------------*/&#xD;
var sqlParams = [ aa.getServiceProviderCode() ];&#xD;
var SQL = "select record_type, time_type_name, r1_per_group, r1_per_type, r1_per_sub_type, r1_per_category from r1_time_types WHERE SERV_PROV_CODE=?";&#xD;
var result = [];&#xD;
var timeTypesList = [];&#xD;
result = aa.db.select(SQL, sqlParams);&#xD;
if (result.success) {&#xD;
	result = result.output.toArray();&#xD;
	for ( var line in result) {&#xD;
		var timeType = {};&#xD;
		var row = result[line];&#xD;
		timeType.recordType = String(row.get("record_type"));&#xD;
		timeType.timeTypeName = String(row.get("time_type_name"));&#xD;
		timeType.r1PerGroup = String(row.get("r1_per_group"));&#xD;
		timeType.r1PerType = String(row.get("r1_per_type"));&#xD;
		timeType.r1PerSubType = String(row.get("r1_per_sub_type"));&#xD;
		timeType.r1PerCategory = String(row.get("r1_per_category"));&#xD;
		timeTypesList.push(timeType);&#xD;
	}&#xD;
}&#xD;
aa.env.setValue("data", timeTypesList);</content><initializer></initializer><pageStatusModels><importSubItemDisableFlag>false</importSubItemDisableFlag><modelProperty>class</modelProperty><propertyName>name</propertyName><selectFlag>true</selectFlag><skipFlag>false</skipFlag></pageStatusModels><title>CONV_ADM_TIME_ACCOUNTING_TYPES</title></script>
<script><name>CONV_ADM_USERS</name><serviceProviderCode>PCR</serviceProviderCode><auditModel><auditDate>2023-02-17T13:14:41.887-06:00</auditDate><auditID>ADMIN</auditID><auditStatus>A</auditStatus></auditModel><content>/*------------------------------------------------------------------------------------------------------/&#xD;
| Program		: CONV_ADM_USERS.js&#xD;
| Usage			: Accela Data Mapping Tool - Construct API - Get all Time Accounting Types&#xD;
| Notes			: &#xD;
| Created by	: YBARGHOUTH&#xD;
| Created at	: 10/27/2021&#xD;
|&#xD;
| NOTE: used SQL because aa.people.getSysUserList(QueryFormat) did not return same number of results as from SQL&#xD;
/------------------------------------------------------------------------------------------------------*/&#xD;
var SQL = "SELECT user_name, status from puser WHERE SERV_PROV_CODE = ?";&#xD;
var sqlParams = [ aa.getServiceProviderCode() ];&#xD;
var resp = [];&#xD;
try {&#xD;
	var result = aa.db.select(SQL, sqlParams);&#xD;
	if (result.success) {&#xD;
		result = result.output.toArray();&#xD;
		for (var r = 0; r &lt; result.length; r++) {&#xD;
			var user = {};&#xD;
			user.user_name = String(result[r].get("user_name"));&#xD;
			user.status = String(result[r].get("status"));&#xD;
			resp.push(user);&#xD;
		}&#xD;
	}&#xD;
	aa.env.setValue("data", resp);&#xD;
} catch (ex) {&#xD;
	aa.env.setValue("data", "ERROR:" + ex);&#xD;
}</content><initializer></initializer><pageStatusModels><importSubItemDisableFlag>false</importSubItemDisableFlag><modelProperty>class</modelProperty><propertyName>name</propertyName><selectFlag>true</selectFlag><skipFlag>false</skipFlag></pageStatusModels><title>CONV_ADM_USERS</title></script>
<script><name>CONV_ADM_WORKFLOWS</name><serviceProviderCode>PCR</serviceProviderCode><auditModel><auditDate>2023-02-17T13:14:57.333-06:00</auditDate><auditID>ADMIN</auditID><auditStatus>A</auditStatus></auditModel><content>/*------------------------------------------------------------------------------------------------------/&#xD;
| Program		: CONV_ADM_WORKFLOWS.js&#xD;
| Usage			: Accela Data Mapping Tool - Construct API - Get all ref workflow tasks and statuses&#xD;
| Notes			: &#xD;
| Created by	: Osama Matkari&#xD;
| Created at	: 18/03/2019 10:46:02&#xD;
|&#xD;
/------------------------------------------------------------------------------------------------------*/&#xD;
var qry = "SELECT SPROCESS_GROUP_CODE, R3_ACT_TYPE_DES, R3_ACT_STAT_DES, R3_PROCESS_CODE FROM R3STATYP a INNER JOIN SPROCESS_GROUP b ON A.SERV_PROV_CODE=B.SERV_PROV_CODE AND a.R3_PROCESS_CODE = b.R1_PROCESS_CODE WHERE b.SERV_PROV_CODE = ? AND b.REC_STATUS = 'A' AND a.REC_STATUS = 'A' AND EXISTS (SELECT 1 FROM SPROCESS S WHERE S.SERV_PROV_CODE = a.SERV_PROV_CODE AND S.R1_PROCESS_CODE = a.R3_PROCESS_CODE AND S.SD_PRO_DES = a.R3_ACT_TYPE_DES AND S.REC_STATUS = 'A')";&#xD;
var qryParams = new Array();&#xD;
qryParams.push(aa.getServiceProviderCode());&#xD;
&#xD;
var results = execSQL(qry, qryParams);&#xD;
aa.env.setValue("data", results);&#xD;
&#xD;
// Execute sql query&#xD;
function execSQL(sqlCMD, parameters) {&#xD;
	var params = [];&#xD;
	if (arguments.length == 2)&#xD;
		params = parameters;&#xD;
&#xD;
	var dba = com.accela.aa.datautil.AADBAccessor.getInstance();&#xD;
	var utilProcessor = new JavaAdapter(com.accela.aa.datautil.DBResultSetProcessor, {&#xD;
			processResultSetRow: function (rs) {&#xD;
				var meta = rs.getMetaData();&#xD;
				var numcols = meta.getColumnCount();&#xD;
				var record = {}&#xD;
				var result = null;&#xD;
&#xD;
				for (var i = 0; i &lt; numcols; i++) {&#xD;
					var columnName = meta.getColumnName(i + 1);&#xD;
					columnName = columnName.toUpperCase()&#xD;
						result = rs.getObject(i + 1);&#xD;
					if (result == null) {&#xD;
						record[columnName] = String("");&#xD;
					} else {&#xD;
						if (result.getClass &amp;&amp; result.getClass().getName() == "java.sql.Timestamp") {&#xD;
							record[columnName] = String(new Date(rs.getTimestamp(i + 1).getTime()).toString("MM/dd/yyyy"));&#xD;
						} else {&#xD;
							record[columnName] = String(rs.getObject(i + 1));&#xD;
						}&#xD;
					}&#xD;
				}&#xD;
				return record;&#xD;
			}&#xD;
		});&#xD;
&#xD;
	var result = dba.select(sqlCMD, params, utilProcessor, null);&#xD;
&#xD;
	if(result.size() &gt; 0) {&#xD;
		return result.toArray();&#xD;
	}&#xD;
	return new Array();&#xD;
}</content><initializer></initializer><pageStatusModels><importSubItemDisableFlag>false</importSubItemDisableFlag><modelProperty>class</modelProperty><propertyName>name</propertyName><selectFlag>true</selectFlag><skipFlag>false</skipFlag></pageStatusModels><title>CONV_ADM_WORKFLOWS</title></script>
</list>